{"loss": [NaN, NaN, NaN, NaN], "mae": [NaN, NaN, NaN, NaN], "mean_q": [NaN, NaN, NaN, NaN], "mean_eps": [NaN, NaN, NaN, NaN], "episode_reward": [1.0, 1.0, 1.0, 0.0], "nb_episode_steps": [177, 158, 169, 132], "nb_steps": [177, 335, 504, 636], "new": [true, true, true, true], "episode": [0, 1, 2, 3], "duration": [0.565177507000044, 0.4332210910069989, 0.4515612020040862, 0.3565740149933845]}